dalibor.frydrych = Dalibor Frydrych <dalibor.frydrych@tul.cz>
david.flanderka = David Flanderka <t426.001@centrum.cz>
jakub.sistek = Jakub Sistek <sistek@math.cas.cz>
jan.brezina = Jan Brezina <jan.brezina@tul.cz>
jan.stebel = Jan Stebel <jan.stebel@tul.cz>
jiri.hnidek = Jiri Hnidek <jiri.hnidek@tul.cz>
jiri.jenicek = Jiri Jenicek <jiri.jenicek@tul.cz>
jiri.kopal = Jiri Kopal <jiri.kopal@tul.cz>
lukas.zedek = Lukas Zedek <lukas.zedek@tul.cz>
pavel.exner = Pavel Exner <pavelexner@gmail.com>
viktor.fris = Viktor Fris <viktorfris@centrum.cz>
vojtech.wrnata = Vojtech Wrnata <vojtech.wrnata@tul.cz>
jan.lisal = Jan Lisal <not@known.cz>
jirina.kralovcova = Jirina Kralovcova <jirina.kralovcova@tul.cz>
martin.hajek = Martin Hajek <not@known.cz>
michal.nekvasil = Michal Nekvasil <not@known.cz>
milan = Milan Hokr <milan.hokr@tul.cz>
tomas.bambuch = Tomas Bambuch <not@known.tul>
